{"train/loss_rpn_cls": 0.0007416992406979262, "train/loss_rpn_bbox": 0.0010326551478283363, "train/s0.loss_cls": 0.009892825005808846, "train/s0.acc": 99.59765625, "train/s0.loss_bbox": 0.00725440835376503, "train/s1.loss_cls": 0.009000662828329951, "train/s1.acc": 99.255859375, "train/s1.loss_bbox": 0.009412852647947147, "train/s2.loss_cls": 0.006498227683478035, "train/s2.acc": 98.888671875, "train/s2.loss_bbox": 0.00604903424391523, "train/loss": 0.049882364738732574, "learning_rate": 0.00020000000000000004, "momentum": 0.9, "_timestamp": 1653884795, "_runtime": 43732, "_step": 93201, "val/bbox_mAP": 0.22, "val/bbox_mAP_50": 0.763, "val/bbox_mAP_75": 0.043, "val/bbox_mAP_s": -1.0, "val/bbox_mAP_m": -1.0, "val/bbox_mAP_l": 0.22, "_wandb": {"runtime": 43863}}