{"train/loss_rpn_cls": 0.0014060688152676447, "train/loss_rpn_bbox": 0.003768160577164963, "train/s0.loss_cls": 0.018638103120028972, "train/s0.acc": 99.294921875, "train/s0.loss_bbox": 0.01567135439720005, "train/s1.loss_cls": 0.02053879801183939, "train/s1.acc": 98.302734375, "train/s1.loss_bbox": 0.02871506945230067, "train/s2.loss_cls": 0.015334614966996014, "train/s2.acc": 97.279296875, "train/s2.loss_bbox": 0.02456885323859751, "train/loss": 0.12864102102816105, "learning_rate": 0.02, "momentum": 0.9, "_timestamp": 1653399581, "_runtime": 1561, "_step": 4650, "_wandb": {"runtime": 1568}}