{"train/loss_rpn_cls": 0.001304970965429675, "train/loss_rpn_bbox": 0.003980307341844309, "train/s0.loss_cls": 0.018777165608480573, "train/s0.acc": 99.201171875, "train/s0.loss_bbox": 0.013262259340845049, "train/s1.loss_cls": 0.018523060362786056, "train/s1.acc": 98.3203125, "train/s1.loss_bbox": 0.022043833415955304, "train/s2.loss_cls": 0.014621364444028586, "train/s2.acc": 97.34375, "train/s2.loss_bbox": 0.0182879695110023, "train/loss": 0.11080093137919902, "learning_rate": 0.02, "momentum": 0.9, "_timestamp": 1653498459, "_runtime": 16490, "_step": 55910, "val/bbox_mAP": 0.2, "val/bbox_mAP_50": 0.732, "val/bbox_mAP_75": 0.033, "val/bbox_mAP_s": -1.0, "val/bbox_mAP_m": -1.0, "val/bbox_mAP_l": 0.2}