{"train/loss_rpn_cls": 0.007326829120720504, "train/loss_rpn_bbox": 0.005031789183267393, "train/s0.loss_cls": 0.01848863933701068, "train/s0.acc": 99.310546875, "train/s0.loss_bbox": 0.01339879974257201, "train/s1.loss_cls": 0.012950969166122378, "train/s1.acc": 99.111328125, "train/s1.loss_bbox": 0.02107501382008195, "train/s2.loss_cls": 0.010812536287121475, "train/s2.acc": 98.25390625, "train/s2.loss_bbox": 0.018453219290822744, "train/loss": 0.1075377956032753, "learning_rate": 0.02, "momentum": 0.9, "_timestamp": 1653550171, "_runtime": 7121, "_step": 23290, "val/bbox_mAP": 0.21, "val/bbox_mAP_50": 0.761, "val/bbox_mAP_75": 0.037, "val/bbox_mAP_s": -1.0, "val/bbox_mAP_m": -1.0, "val/bbox_mAP_l": 0.21}