{"train/loss_rpn_cls": 0.0003296458894601528, "train/loss_rpn_bbox": 0.0009196805226383731, "train/s0.loss_cls": 0.005657108530867845, "train/s0.acc": 99.751953125, "train/s0.loss_bbox": 0.003275467597995885, "train/s1.loss_cls": 0.004802564554847777, "train/s1.acc": 99.607421875, "train/s1.loss_bbox": 0.005839284927351401, "train/s2.loss_cls": 0.003653566812281497, "train/s2.acc": 99.365234375, "train/s2.loss_bbox": 0.005299197292188183, "train/loss": 0.029776516072452068, "learning_rate": 0.00020000000000000004, "momentum": 0.9, "_timestamp": 1653445361, "_runtime": 35619, "_step": 93201, "val/bbox_mAP": 0.232, "val/bbox_mAP_50": 0.786, "val/bbox_mAP_75": 0.048, "val/bbox_mAP_s": -1.0, "val/bbox_mAP_m": -1.0, "val/bbox_mAP_l": 0.232, "_wandb": {"runtime": 35742}}