{"train/loss_cls": 0.24383689433336259, "train/loss_bbox": 0.36274310350418093, "train/loss_centerness": 0.5896937739849091, "train/loss": 1.1962737798690797, "learning_rate": 0.01, "momentum": 0.9, "_timestamp": 1653838305, "_runtime": 3785, "_step": 9920, "val/bbox_mAP": 0.116, "val/bbox_mAP_50": 0.461, "val/bbox_mAP_75": 0.002, "val/bbox_mAP_s": -1.0, "val/bbox_mAP_m": -1.0, "val/bbox_mAP_l": 0.116}