{"train/loss_rpn_cls": 0.0019573632325045765, "train/loss_rpn_bbox": 0.005964026194997132, "train/s0.loss_cls": 0.02196124518290162, "train/s0.acc": 99.275390625, "train/s0.loss_bbox": 0.017702999766916038, "train/s1.loss_cls": 0.014526471877470613, "train/s1.acc": 98.91015625, "train/s1.loss_bbox": 0.024238410294055938, "train/s2.loss_cls": 0.013106671925634146, "train/s2.acc": 97.73046875, "train/s2.loss_bbox": 0.021841232981532812, "train/loss": 0.12129842102527619, "learning_rate": 0.02, "momentum": 0.9, "_timestamp": 1653543870, "_runtime": 820, "_step": 3100}