{"train/loss_rpn_cls": 0.001411279999447288, "train/loss_rpn_bbox": 0.0026519846875453367, "train/s0.loss_cls": 0.013789585812482984, "train/s0.acc": 99.42578125, "train/s0.loss_bbox": 0.009795736253727228, "train/s1.loss_cls": 0.01431856253184378, "train/s1.acc": 98.783203125, "train/s1.loss_bbox": 0.01885449416935444, "train/s2.loss_cls": 0.010860939617268741, "train/s2.acc": 97.998046875, "train/s2.loss_bbox": 0.0169302800972946, "train/loss": 0.0886128625459969, "learning_rate": 0.00020000000000000004, "momentum": 0.9, "_timestamp": 1653590744, "_runtime": 33379, "_step": 93201, "val/bbox_mAP": 0.216, "val/bbox_mAP_50": 0.76, "val/bbox_mAP_75": 0.04, "val/bbox_mAP_s": -1.0, "val/bbox_mAP_m": -1.0, "val/bbox_mAP_l": 0.216, "_wandb": {"runtime": 33516}}