{"train/loss_rpn_cls": 0.0006715739069477422, "train/loss_rpn_bbox": 0.0016436600349697982, "train/s0.loss_cls": 0.017394688688218595, "train/s0.acc": 99.22265625, "train/s0.loss_bbox": 0.010753120540175586, "train/s1.loss_cls": 0.01633042236790061, "train/s1.acc": 98.455078125, "train/s1.loss_bbox": 0.02016118322033435, "train/s2.loss_cls": 0.012663921117782593, "train/s2.acc": 97.40625, "train/s2.loss_bbox": 0.013643693053163588, "train/loss": 0.09326226331293583, "learning_rate": 0.02, "momentum": 0.9, "_timestamp": 1653672616, "_runtime": 43781, "_step": 41930, "val/bbox_mAP": 0.202, "val/bbox_mAP_50": 0.725, "val/bbox_mAP_75": 0.029, "val/bbox_mAP_s": -1.0, "val/bbox_mAP_m": -1.0, "val/bbox_mAP_l": 0.202, "_wandb": {"runtime": 43794}}