{"train/loss_rpn_cls": 0.0010896604454319458, "train/loss_rpn_bbox": 0.004288516369997524, "train/s0.loss_cls": 0.019270029123872517, "train/s0.acc": 99.234375, "train/s0.loss_bbox": 0.01640673683024943, "train/s1.loss_cls": 0.01694921758957207, "train/s1.acc": 98.552734375, "train/s1.loss_bbox": 0.028030920317396523, "train/s2.loss_cls": 0.014926943304017186, "train/s2.acc": 97.31640625, "train/s2.loss_bbox": 0.022723617758601905, "train/loss": 0.12368564248085022, "learning_rate": 0.02, "momentum": 0.9, "_timestamp": 1653409233, "_runtime": 1561, "_step": 4650, "_wandb": {"runtime": 1575}}